,artist,artist_id,track_name,track_id,danceability,energy,tempo,speechiness,acousticness,instrumentalness,liveness,valence
0,Bad Bunny,4q3ewBCX7sLwd24euuV69X,MONACO,4MjDJD8cW7iVeWInc2Bdyj,0.787,0.621,139.056,0.068,0.15,0.000402,0.58,0.13
1,Bad Bunny,4q3ewBCX7sLwd24euuV69X,PERRO NEGRO,7iQXYTyuG13aoeHxGG28Nh,0.911,0.778,96.057,0.262,0.0887,2.16e-05,0.179,0.345
2,Bad Bunny,4q3ewBCX7sLwd24euuV69X,FINA,3nNmRE0DxHC6ZaKkrpUumS,0.847,0.724,94.601,0.298,0.0869,1.11e-06,0.118,0.396
3,Bad Bunny,4q3ewBCX7sLwd24euuV69X,HIBIKI,4qSEvFGCpde73gqIuq3sho,0.801,0.645,119.935,0.0706,0.604,0.0,0.118,0.528
4,Bad Bunny,4q3ewBCX7sLwd24euuV69X,SEDA,1YnChEM51BVZ5dRhbVFEMl,0.706,0.566,125.876,0.126,0.268,1.02e-06,0.111,0.23
5,Bad Bunny,4q3ewBCX7sLwd24euuV69X,NADIE SABE,23d8v6tU6lR77pFKsApMtF,0.529,0.711,170.305,0.0669,0.572,0.0,0.0799,0.582
6,KAROL G,790FomKkXshlbRYZFtlgla,QLONA,5RqSsdzTNPX1uzkmlHCFvK,0.841,0.738,169.918,0.307,0.52,0.0,0.0892,0.484
7,Bad Bunny,4q3ewBCX7sLwd24euuV69X,THUNDER Y LIGHTNING,4pcafPzLDSqQktqSpxHL3E,0.552,0.744,156.027,0.124,0.496,0.0,0.112,0.627
8,Bad Bunny,4q3ewBCX7sLwd24euuV69X,UN PREVIEW,5ixdmTpCmH5diBA1j154wN,0.795,0.815,94.991,0.0821,0.0368,3.82e-05,0.227,0.334
9,Taylor Swift,06HL4z0CvFAxyc27GXpf02,Cruel Summer,1BxfuPKGuaTgP7aM0Bbdwr,0.552,0.702,169.994,0.157,0.117,2.06e-05,0.105,0.564
10,Bad Bunny,4q3ewBCX7sLwd24euuV69X,BABY NUEVA,3NhstUmrlhaN1M6hP8zMbb,0.866,0.63,117.924,0.0616,0.504,0.000505,0.328,0.359
11,Bad Bunny,4q3ewBCX7sLwd24euuV69X,MERCEDES CAROTA,3TYOH7ta0101NYssoH5GlU,0.822,0.487,134.046,0.223,0.385,6.55e-05,0.115,0.193
12,Taylor Swift,06HL4z0CvFAxyc27GXpf02,This Love (Taylor’s Version),5QVVjX0ZItqlVpEuVCM9Yg,0.474,0.511,144.022,0.0339,0.299,0.0,0.0673,0.0586
13,Taylor Swift,06HL4z0CvFAxyc27GXpf02,Wildest Dreams (Taylor's Version),1K39ty6o1sHwwlZwO6a7wK,0.581,0.672,140.061,0.0739,0.0411,9.35e-05,0.118,0.514
14,Bad Bunny,4q3ewBCX7sLwd24euuV69X,NO ME QUIERO CASAR,39L3LdlHS3gqB62HPWaJRg,0.914,0.698,99.011,0.115,0.32,8.76e-06,0.083,0.757
15,Viktor Sheen,4cG43cUBRJWWDsRh4SW48i,Dopamin,6AMZm12a1B2kpgN7qOA7Cy,0.815,0.543,120.048,0.258,0.228,0.14,0.0666,0.409
16,Viktor Sheen,4cG43cUBRJWWDsRh4SW48i,Království,1BE9PBZnXNbc6xh8jdbC7i,0.804,0.518,135.963,0.115,0.479,0.0,0.138,0.451
17,Viktor Sheen,4cG43cUBRJWWDsRh4SW48i,WHO (feat. P T K),7z260Mol7Xvxetkwx55dL4,0.874,0.568,146.961,0.317,0.0192,1.54e-06,0.103,0.689
18,Bad Bunny,4q3ewBCX7sLwd24euuV69X,TELEFONO NUEVO,01ppKlDRCmPpusO3yNrSRY,0.619,0.619,125.752,0.491,0.407,0.0,0.0932,0.393
19,Jung Kook,6HaGTQPmzraVmaVxvz6EUc,3D (feat. Jack Harlow),01qFKNWq73UfEslI0GvumE,0.853,0.824,108.044,0.103,0.0322,0.0,0.0859,0.888
20,Taylor Swift,06HL4z0CvFAxyc27GXpf02,evermore (feat. Bon Iver),0AaV4MJrgmLV3XhoiWXjjb,0.395,0.27,120.94,0.0309,0.937,0.00249,0.111,0.314
21,Taylor Swift,06HL4z0CvFAxyc27GXpf02,Lover,1dGr1c8CrMLDpV6mPbImSI,0.359,0.543,68.534,0.0919,0.492,1.58e-05,0.118,0.453
22,Taylor Swift,06HL4z0CvFAxyc27GXpf02,Daylight,1fzAuUVbzlhZ1lJAx9PtY6,0.557,0.496,149.983,0.0563,0.808,0.000173,0.0772,0.265
23,Jung Kook,6HaGTQPmzraVmaVxvz6EUc,Seven (feat. Latto) (Explicit Ver.),2HRgqmZQC0MC7GeNuDIXHN,0.79,0.831,124.987,0.044,0.312,0.0,0.0797,0.872
24,Taylor Swift,06HL4z0CvFAxyc27GXpf02,Is It Over Now? (Taylor's Version) (From The Vault),1Iq8oo9XkmmvCQiGOfORiz,0.596,0.658,100.012,0.036,0.0504,0.0,0.127,0.176
25,Taylor Swift,06HL4z0CvFAxyc27GXpf02,Now That We Don't Talk (Taylor's Version) (From The Vault),5KD6AEm19QnMbfWpfoOHMl,0.793,0.512,109.994,0.0338,0.186,3.81e-05,0.0889,0.0662
26,Taylor Swift,06HL4z0CvFAxyc27GXpf02,Say Don't Go (Taylor's Version) (From The Vault),4NioO5R9sHEZh4cGzMHyNt,0.626,0.547,109.946,0.0342,0.0656,1.67e-05,0.149,0.192
27,Taylor Swift,06HL4z0CvFAxyc27GXpf02,"""Slut!"" (Taylor's Version) (From The Vault)",71BqAINEnezjQfxE4VuJfq,0.629,0.413,77.983,0.055,0.345,7.62e-05,0.0603,0.306
28,Taylor Swift,06HL4z0CvFAxyc27GXpf02,Style (Taylor's Version),1hjRhYpWyqDpPahmSlUTlc,0.575,0.824,94.971,0.038,0.000418,0.0214,0.0901,0.292
29,Taylor Swift,06HL4z0CvFAxyc27GXpf02,Suburban Legends (Taylor's Version) (From The Vault),6T0sEnqjmHISIKwFETeeiP,0.699,0.621,118.048,0.0369,0.198,0.0,0.104,0.344
30,Taylor Swift,06HL4z0CvFAxyc27GXpf02,Anti-Hero,0V3wPSX9ygBnCm8psDIegu,0.637,0.643,97.008,0.0519,0.13,1.8e-06,0.142,0.533
31,Taylor Swift,06HL4z0CvFAxyc27GXpf02,Blank Space (Taylor's Version),45wMBGri1PORPjM9PwFfrS,0.737,0.725,96.012,0.0641,0.0976,0.0,0.174,0.755
32,Taylor Swift,06HL4z0CvFAxyc27GXpf02,Out Of The Woods (Taylor's Version),045ZeOHPIzhxxsm8bq5kyE,0.547,0.885,91.992,0.0418,0.000512,9.37e-05,0.39,0.192
33,Taylor Swift,06HL4z0CvFAxyc27GXpf02,Welcome To New York (Taylor's Version),1hR8BSuEqPCCZfv93zzzz9,0.761,0.607,116.98,0.0312,0.00961,2.24e-05,0.367,0.674
34,FRIENDLY THUG 52 NGG,5xtbUYHaOycg6HIi10EZdV,Legit Check,0xx6wsjApOtjqEBF3xeSG7,0.792,0.562,99.904,0.445,0.516,0.0,0.103,0.662
35,Jung Kook,6HaGTQPmzraVmaVxvz6EUc,Standing Next to You,2KslE17cAJNHTsI2MI0jb2,0.711,0.809,106.017,0.0955,0.0447,0.0,0.339,0.816
36,FRIENDLY THUG 52 NGG,5xtbUYHaOycg6HIi10EZdV,na Circus,6zu98XBex3ksqNSlqJp8jh,0.811,0.494,120.985,0.304,0.252,5.87e-06,0.0935,0.217
37,FRIENDLY THUG 52 NGG,5xtbUYHaOycg6HIi10EZdV,Sold Out,1bpxWHaT6N8gD2k1TvhJYt,0.858,0.562,121.89,0.254,0.101,0.0,0.113,0.365
38,FRIENDLY THUG 52 NGG,5xtbUYHaOycg6HIi10EZdV,No Rats This Time,3zx3awKqdA1ceUs05yDqZR,0.849,0.436,102.026,0.256,0.483,0.0,0.217,0.285
39,FRIENDLY THUG 52 NGG,5xtbUYHaOycg6HIi10EZdV,All My Members Are CEO,4RZh3IZ3rPWLsUUyTXiMVd,0.81,0.693,97.559,0.151,0.0319,4.41e-06,0.139,0.379
40,FRIENDLY THUG 52 NGG,5xtbUYHaOycg6HIi10EZdV,No Gletcher Gang,03TKjVsYvhCyaO9iAAVNve,0.876,0.642,140.046,0.249,0.0118,0.0,0.12,0.741
41,Jung Kook,6HaGTQPmzraVmaVxvz6EUc,Yes or No,2gkVEnpahpE3bQuvGuCpAV,0.671,0.839,83.845,0.0866,0.179,0.0,0.0748,0.882
42,FRIENDLY THUG 52 NGG,5xtbUYHaOycg6HIi10EZdV,Lost Angeles,11gTRcdz4wK32fghA2vrX7,0.788,0.544,75.474,0.324,0.141,0.0,0.0947,0.411
43,Jung Kook,6HaGTQPmzraVmaVxvz6EUc,Please Don't Change (feat. DJ Snake),0k0GtcnyQLMiXrdEDbLXmJ,0.797,0.743,114.878,0.174,0.164,1.2e-06,0.164,0.768
44,Jung Kook,6HaGTQPmzraVmaVxvz6EUc,Hate You,5ONOlTiqymhzwcFjqcIT6E,0.419,0.274,79.595,0.0314,0.862,0.0,0.092,0.25
45,FRIENDLY THUG 52 NGG,5xtbUYHaOycg6HIi10EZdV,Corner Close Day,5Pn50sP8DxgVEFxuacfaD2,0.812,0.668,99.945,0.282,0.281,0.000135,0.118,0.333
46,Jung Kook,6HaGTQPmzraVmaVxvz6EUc,Closer to You (feat. Major Lazer),06Qo2fYR2KS1F7bL338iVT,0.781,0.655,113.031,0.0457,0.114,0.00249,0.103,0.493
47,FRIENDLY THUG 52 NGG,5xtbUYHaOycg6HIi10EZdV,Sladki Snov Rapper 2,1lx65Q3Vfy8NsfaA5DXUcJ,0.869,0.481,99.886,0.255,0.798,0.000148,0.111,0.282
48,Jung Kook,6HaGTQPmzraVmaVxvz6EUc,Somebody,5KfJvZ0PZzRdwFRaTUDAA7,0.65,0.679,106.059,0.0477,0.286,0.0,0.136,0.256
49,Jung Kook,6HaGTQPmzraVmaVxvz6EUc,Shot Glass of Tears,7AbqgE05nFl9qY4FRUiq2p,0.507,0.394,77.955,0.035,0.508,0.0,0.0825,0.164
50,FRIENDLY THUG 52 NGG,5xtbUYHaOycg6HIi10EZdV,October,2gGqF2OroADoQPJnyYPpmm,0.734,0.493,84.775,0.425,0.725,0.0,0.109,0.676
51,KAROL G,790FomKkXshlbRYZFtlgla,MI EX TENÍA RAZÓN,54zcJnb3tp9c5OVKREZ1Is,0.634,0.725,159.845,0.0587,0.0776,0.0,0.211,0.795
52,KAROL G,790FomKkXshlbRYZFtlgla,AMARGURA,505v13epFXodT9fVAJ6h8k,0.92,0.696,106.966,0.0742,0.183,0.0,0.149,0.545
53,KAROL G,790FomKkXshlbRYZFtlgla,TQG,0DWdj2oZMBFSzRsi2Cvfzf,0.72,0.63,179.974,0.277,0.673,0.0,0.0936,0.607
54,KAROL G,790FomKkXshlbRYZFtlgla,UNA NOCHE EN MEDELLÍN - REMIX,0GJwUAlBMJTbY4VE7iE761,0.846,0.755,96.002,0.0738,0.0361,0.0,0.0448,0.883
55,KAROL G,790FomKkXshlbRYZFtlgla,OKI DOKI,4gJfPoMIcSDGY0tMGxm6Fu,0.843,0.728,106.015,0.0552,0.202,0.000219,0.313,0.581
56,Bad Bunny,4q3ewBCX7sLwd24euuV69X,WHERE SHE GOES,2sTDlCxmuZCTDKKk9f1qus,0.651,0.799,143.992,0.0611,0.143,0.634,0.112,0.223
57,Bad Bunny,4q3ewBCX7sLwd24euuV69X,MR. OCTOBER,1ODFVLQszq0hCOdZtqV5wq,0.805,0.612,126.013,0.172,0.188,1.96e-05,0.134,0.425
58,Bad Bunny,4q3ewBCX7sLwd24euuV69X,LOS PITS,7ucEkWU0SVy0XFdfXESgfY,0.751,0.669,93.705,0.445,0.442,2.11e-06,0.15,0.69
59,KAROL G,790FomKkXshlbRYZFtlgla,X SI VOLVEMOS,4NoOME4Dhf4xgxbHDT7VGe,0.794,0.807,178.003,0.326,0.334,0.0,0.104,0.575
60,Bad Bunny,4q3ewBCX7sLwd24euuV69X,CYBERTRUCK,4Jc7252S1P99DjQ1lNGEOc,0.704,0.905,151.823,0.338,0.371,2.09e-06,0.107,0.0991
61,KAROL G,790FomKkXshlbRYZFtlgla,S91,0BFQC00Y58JtjMyTXOJazO,0.644,0.711,128.225,0.377,0.632,1.91e-05,0.0898,0.381
62,Viktor Sheen,4cG43cUBRJWWDsRh4SW48i,Kdes to vzal?,2FTi3HC3D99tmuDEakF6kD,0.737,0.453,139.022,0.162,0.174,0.000189,0.164,0.393
63,Viktor Sheen,4cG43cUBRJWWDsRh4SW48i,Probuzení,1LWzGlLSdd2YFxuVxElL4O,0.783,0.607,142.794,0.466,0.651,5.96e-06,0.125,0.555
64,Viktor Sheen,4cG43cUBRJWWDsRh4SW48i,Ujde to,6YmJ7h3IB28IngbwOfQRyO,0.822,0.531,135.083,0.387,0.238,2.39e-06,0.0859,0.418
65,Viktor Sheen,4cG43cUBRJWWDsRh4SW48i,Stíny,0J3SIAOndpL1MS2Vq2RMQ9,0.533,0.784,92.42,0.164,0.0756,0.0,0.126,0.564
66,Viktor Sheen,4cG43cUBRJWWDsRh4SW48i,Na větvi,6AiGgiBQ2P9OshmyTCxyhQ,0.635,0.557,168.175,0.489,0.0509,0.0,0.25,0.663
67,Viktor Sheen,4cG43cUBRJWWDsRh4SW48i,OCD (feat. Annet X),1YhNXxwdWsbRnQikEAtNt6,0.642,0.608,170.013,0.132,0.102,0.0,0.0339,0.198
68,Viktor Sheen,4cG43cUBRJWWDsRh4SW48i,Banány (feat. Yzomandias),2O8NHyMqPLRvbjt9wGZZBT,0.865,0.461,120.014,0.396,0.408,0.0,0.122,0.538
69,Viktor Sheen,4cG43cUBRJWWDsRh4SW48i,Lows,2CUSISoJHsVlanxEfaRn7k,0.923,0.408,120.0,0.335,0.268,0.0,0.0721,0.26
70,Viktor Sheen,4cG43cUBRJWWDsRh4SW48i,Sám proti sobě,5piKQybO9jiWwRADTjUNbz,0.564,0.534,159.923,0.146,0.556,0.0,0.153,0.34
71,Viktor Sheen,4cG43cUBRJWWDsRh4SW48i,Až na měsíc,3rxHQ7HeJCpiei1d6ANDPW,0.741,0.572,115.093,0.0645,0.265,0.0,0.13,0.525
72,Viktor Sheen,4cG43cUBRJWWDsRh4SW48i,Domov můj,732l7cwEzEDiliwJfAm9fa,0.773,0.374,134.05,0.361,0.372,0.00195,0.602,0.553
73,Viktor Sheen,4cG43cUBRJWWDsRh4SW48i,Můj space,1uahoKMYaJgzqsfRIdFU4z,0.929,0.344,115.961,0.266,0.0284,0.0,0.429,0.474
74,Viktor Sheen,4cG43cUBRJWWDsRh4SW48i,Ape Song,7HGH1kLRr6niK7GCdleGxY,0.684,0.535,179.904,0.235,0.0078,0.00696,0.0901,0.206
75,Viktor Sheen,4cG43cUBRJWWDsRh4SW48i,Světlo (feat. Calin),5R4Ura4Wazydkl2N8VnaER,0.872,0.447,102.911,0.203,0.104,3.26e-06,0.0886,0.542
76,Bad Bunny,4q3ewBCX7sLwd24euuV69X,GRACIAS POR NADA,1U3A66OHQyTu4N2QTMsP86,0.778,0.555,143.916,0.231,0.325,0.0,0.111,0.271
77,Bad Bunny,4q3ewBCX7sLwd24euuV69X,Me Porto Bonito,6Sq7ltF9Qa7SNFBsV5Cogx,0.911,0.712,92.005,0.0817,0.0901,2.68e-05,0.0933,0.425
78,Bad Bunny,4q3ewBCX7sLwd24euuV69X,VOU 787,0rDQZJtSGgsB2rdkObpdFa,0.834,0.555,125.015,0.197,0.0488,0.0,0.265,0.563
79,Bad Bunny,4q3ewBCX7sLwd24euuV69X,VUELVE CANDY B,3mRF0YNsDdFKFnxwg16hSz,0.785,0.691,122.92,0.0904,0.223,1.74e-06,0.154,0.225
80,Bad Bunny,4q3ewBCX7sLwd24euuV69X,BATICANO,5qzLdvRViHUrRNdkpakG7C,0.785,0.6,105.009,0.0656,0.455,6.76e-06,0.131,0.431
81,Bad Bunny,4q3ewBCX7sLwd24euuV69X,Efecto,5Eax0qFko2dh7Rl2lYs3bx,0.801,0.475,98.047,0.0516,0.141,1.73e-05,0.0639,0.234
82,ibe,2Pn8JMNrnRnSpNRPPgtiWA,MÄ EN VOI HÄVII,5fB4hLoPMGRtGbVAzDHQWi,0.735,0.624,130.067,0.108,0.16,0.0,0.115,0.322
83,ibe,2Pn8JMNrnRnSpNRPPgtiWA,DIIPIMPÄÄ,6W6EenNBTNpQwmANwy3SFl,0.624,0.83,100.017,0.0305,0.105,2e-05,0.135,0.709
84,ibe,2Pn8JMNrnRnSpNRPPgtiWA,KOITIT SOITTAA,2v18va3oIWdfjXQMwoLFf8,0.764,0.499,152.976,0.137,0.174,0.000109,0.279,0.3
85,ibe,2Pn8JMNrnRnSpNRPPgtiWA,BLONDINA,3Fq0id1BFWX3GoCeWdNh53,0.708,0.753,87.998,0.0561,0.163,0.00377,0.0959,0.707
86,ibe,2Pn8JMNrnRnSpNRPPgtiWA,BISNESMIES,30lI16LmESm66IZJ7MPIGl,0.826,0.623,160.073,0.121,0.000503,0.247,0.104,0.932
87,ibe,2Pn8JMNrnRnSpNRPPgtiWA,KÄVELLÄÄN,5nRvHcS144nOqGp672JfWw,0.847,0.698,98.053,0.0668,0.462,0.000118,0.114,0.381
88,ibe,2Pn8JMNrnRnSpNRPPgtiWA,SKYLINE,6jkldxNLOsS2kVqMh8Uib4,0.804,0.626,130.028,0.0499,0.0345,0.00502,0.107,0.446
89,ibe,2Pn8JMNrnRnSpNRPPgtiWA,FAMOUS,1t4IbqfmQQoLHAocILr2Aj,0.755,0.561,93.0,0.0413,0.0825,0.000173,0.0937,0.311
90,ibe,2Pn8JMNrnRnSpNRPPgtiWA,PATO,1JLS2KpG4G5UXTV2WZznEf,0.737,0.709,162.104,0.052,0.351,0.0293,0.482,0.555
91,ibe,2Pn8JMNrnRnSpNRPPgtiWA,VYYHTI (ettiny aitoo rakkaut),5e63Mhaf4aY58OD8aY3zhJ,0.877,0.681,140.068,0.117,0.106,0.000286,0.0963,0.569
92,ibe,2Pn8JMNrnRnSpNRPPgtiWA,TARVIIN JOTAIN,4iEosyAX17uym9MYpCMSfQ,0.843,0.424,106.955,0.0847,0.381,0.000684,0.0972,0.125
93,ibe,2Pn8JMNrnRnSpNRPPgtiWA,VENAA (mul on ongelma),184SCXHn6goKw51RgExVcQ,0.764,0.765,139.985,0.189,0.0417,6.42e-05,0.635,0.486
94,Jung Kook,6HaGTQPmzraVmaVxvz6EUc,Too Sad to Dance,3bNNvJA7hsGw0wSpGkfOBm,0.558,0.467,100.518,0.0809,0.611,0.0,0.105,0.563
95,Azahriah,6EIriUxo7vznEgJtTDlXpq,ceremónia,2IetMd5ZFurl1sjSAqhq2O,0.678,0.625,109.98,0.12,0.496,0.00168,0.295,0.361
96,Azahriah,6EIriUxo7vznEgJtTDlXpq,3korty,5ZY255MSISgMrvHmRZux1E,0.825,0.69,103.049,0.114,0.223,0.0,0.111,0.315
97,Azahriah,6EIriUxo7vznEgJtTDlXpq,introvertált dal,2EAvOY1uymm5ZAd0ZbnnPW,0.652,0.815,151.046,0.0606,0.126,0.0,0.109,0.823
98,Azahriah,6EIriUxo7vznEgJtTDlXpq,lost tiki,1VPU7SKdABCb3gNCNjMFIZ,0.711,0.691,98.002,0.0459,0.715,0.15,0.254,0.656
99,Azahriah,6EIriUxo7vznEgJtTDlXpq,valami amerikai,4MQDC8hquSlvTBq8gMoPPo,0.615,0.69,175.892,0.143,0.599,0.000782,0.181,0.296
100,Azahriah,6EIriUxo7vznEgJtTDlXpq,four moods,1o0TkBcMTkkOg1KUeB4riK,0.538,0.669,101.993,0.217,0.37,1.06e-06,0.13,0.198
101,Azahriah,6EIriUxo7vznEgJtTDlXpq,Pullup,6Rc6C6S4lgT5j1OekgI155,0.726,0.632,86.905,0.112,0.106,0.0,0.0923,0.289
102,Azahriah,6EIriUxo7vznEgJtTDlXpq,casa de papel,3UlXaigjBM3sHyOpDbh1RI,0.808,0.679,135.064,0.125,0.646,0.0147,0.115,0.511
103,Azahriah,6EIriUxo7vznEgJtTDlXpq,figyelj,1tAyEL10PQDcIvEL2o75wt,0.683,0.683,110.933,0.036,0.124,3.14e-06,0.159,0.234
104,Azahriah,6EIriUxo7vznEgJtTDlXpq,vicc,6bmTNiH8blviXxFDVoAuL7,0.668,0.677,163.934,0.236,0.304,0.00324,0.119,0.581
105,Azahriah,6EIriUxo7vznEgJtTDlXpq,Miafasz,7cU3vDXfkH4bAemYBxuoJT,0.696,0.707,87.478,0.217,0.368,0.0,0.111,0.506
106,Azahriah,6EIriUxo7vznEgJtTDlXpq,béke,000n6Lx4yqUAslF1x3JeFY,0.676,0.728,174.089,0.0965,0.395,0.0,0.0587,0.938
107,Azahriah,6EIriUxo7vznEgJtTDlXpq,gát,1Qzkw4QaTXbVd1TmDzSNOv,0.77,0.812,104.067,0.114,0.349,0.0,0.0876,0.563
108,Azahriah,6EIriUxo7vznEgJtTDlXpq,Mind1,7lemjnVRAqQtqqLdSqCKqM,0.741,0.658,103.942,0.0717,0.548,0.0,0.119,0.467
109,Azahriah,6EIriUxo7vznEgJtTDlXpq,Rét,5pYNDOTIoZZ5ab77vb8EO3,0.474,0.711,81.993,0.0862,0.438,0.0,0.107,0.722
110,Azahriah,6EIriUxo7vznEgJtTDlXpq,szosziazi,3DTF2AIcHMwZ1q1gz9zspi,0.771,0.615,105.993,0.19,0.135,0.000587,0.12,0.406
111,Azahriah,6EIriUxo7vznEgJtTDlXpq,bulbaba,7xdiiqtQPUXrKcd6BoFyYd,0.81,0.674,103.09,0.144,0.701,3.8e-05,0.095,0.242
112,Azahriah,6EIriUxo7vznEgJtTDlXpq,Tisztán iszom,1K17dNOOtcoC1gLcAbccPp,0.446,0.655,162.924,0.0439,0.644,0.0,0.199,0.894
113,Azahriah,6EIriUxo7vznEgJtTDlXpq,Habibi,38U5WKJpBQncqAss18dLrO,0.729,0.57,156.999,0.181,0.283,1.02e-06,0.0765,0.593
114,Hafdís Huld,1tNJibl39hvCIVSnGaiwx5,Dvel ég í draumahöll,3ovhC4v5a73S0afcOHhnu2,0.729,0.15,120.043,0.0361,0.9,8.74e-06,0.102,0.397
115,Hafdís Huld,1tNJibl39hvCIVSnGaiwx5,Litlar stjörnur,1l2AHO7bb47QGFKJmXhXMz,0.698,0.118,93.086,0.0298,0.912,0.0,0.116,0.552
116,Hafdís Huld,1tNJibl39hvCIVSnGaiwx5,Sofðu unga ástin mín,0Xh9sOCT7ZvmKg8KthRYnH,0.617,0.11,127.658,0.0343,0.928,0.0,0.11,0.385
117,Hafdís Huld,1tNJibl39hvCIVSnGaiwx5,Óskasteinar,5myQVDBhZvE7DIvsQICuKn,0.697,0.0953,79.866,0.0314,0.911,0.0,0.109,0.64
118,Hafdís Huld,1tNJibl39hvCIVSnGaiwx5,Sofa urtubörn,1MWg9aH6OhteqF1RXR3J5w,0.715,0.091,119.95,0.0375,0.921,0.0,0.101,0.542
119,Hafdís Huld,1tNJibl39hvCIVSnGaiwx5,Ljós,0RT86wBrufYQZSdN852Wjn,0.742,0.0915,146.165,0.0438,0.89,0.0,0.0926,0.813
120,Hafdís Huld,1tNJibl39hvCIVSnGaiwx5,Bíum bíum bambaló,5pn6OskYybJrrqcdlNpBvk,0.777,0.1,99.979,0.0377,0.926,0.0,0.0947,0.641
121,Hafdís Huld,1tNJibl39hvCIVSnGaiwx5,Ævintýralönd,1ZzSy8HeLFZAeuQi577bhB,0.627,0.123,73.551,0.0298,0.918,1.14e-05,0.0997,0.351
122,Hafdís Huld,1tNJibl39hvCIVSnGaiwx5,Góða nótt,7nzeIh8kUdieUBLPXch9wi,0.797,0.175,99.902,0.0325,0.954,0.0,0.115,0.635
123,Hafdís Huld,1tNJibl39hvCIVSnGaiwx5,Frost er úti fuglinn minn,1sgn8wmK2kuJrF9ppsnH2F,0.504,0.118,113.507,0.0392,0.937,0.0,0.0619,0.6
124,Hafdís Huld,1tNJibl39hvCIVSnGaiwx5,Sofðu,51J0zLsmKb265vmylOJGMr,0.684,0.117,125.928,0.0349,0.935,0.0,0.0762,0.671
125,Hafdís Huld,1tNJibl39hvCIVSnGaiwx5,Sólskin,3LP5YM7IMwmffWXPE1VBf1,0.747,0.149,85.049,0.0324,0.92,0.0,0.105,0.606
126,Hafdís Huld,1tNJibl39hvCIVSnGaiwx5,Bí bí og blaka,2q2cdTPrbgWSxLFFXjjaoO,0.602,0.0242,96.834,0.0426,0.952,0.0,0.105,0.29
127,Hafdís Huld,1tNJibl39hvCIVSnGaiwx5,Nóttin læðist inn,5TBNZCGMR1NJtJrrg606m0,0.716,0.124,120.015,0.0394,0.926,0.0,0.103,0.496
128,Hafdís Huld,1tNJibl39hvCIVSnGaiwx5,Þú ert,6xsUlQIjfduRdQt88yekZ5,0.581,0.19,78.347,0.031,0.828,2.57e-05,0.151,0.298
129,Salmo,3hBQ4zniNdQf1cqqo6hzuW,RESPIRA (feat. Marracash),2zuRZkoWxoNtKaA4Q44f44,0.718,0.925,124.967,0.343,0.135,0.0,0.234,0.653
130,Salmo,3hBQ4zniNdQf1cqqo6hzuW,ANTHEM,5RvYbjPoLlvFw60ZrSufCi,0.653,0.817,93.522,0.442,0.0943,0.0,0.297,0.496
131,Salmo,3hBQ4zniNdQf1cqqo6hzuW,CVLT (feat. Kid Yugi),6hANXZUS2wryG1zSocof7J,0.595,0.792,92.236,0.322,0.217,0.0,0.123,0.436
132,Salmo,3hBQ4zniNdQf1cqqo6hzuW,INCUBI,04Jt7tpjw9z0OugNDAZxnk,0.594,0.813,171.727,0.388,0.0709,0.0,0.551,0.598
133,Salmo,3hBQ4zniNdQf1cqqo6hzuW,CRINGE,0QdLe32rmGquRDdALuY92Q,0.607,0.81,93.93,0.293,0.0603,0.0,0.371,0.478
134,Salmo,3hBQ4zniNdQf1cqqo6hzuW,MY LOVE SONG 2 (feat. Coez & Frah Quintale),3ySS2RpQNWsN5T88sfilZb,0.584,0.865,79.567,0.342,0.154,0.0,0.102,0.703
135,Salmo,3hBQ4zniNdQf1cqqo6hzuW,MIRACOLO,2ioSGpzv91icuerCil1UZd,0.655,0.644,90.702,0.483,0.0518,1.79e-05,0.316,0.35
136,Salmo,3hBQ4zniNdQf1cqqo6hzuW,BRUJERIA,1bpLJUoNhsCLEZQ8CwBWEB,0.662,0.807,121.764,0.357,0.0499,4.21e-06,0.0674,0.579
137,Salmo,3hBQ4zniNdQf1cqqo6hzuW,CROCI € CRISTI,2PapS7vOF7plqO5pytAbEz,0.624,0.858,86.154,0.37,0.0308,0.0,0.306,0.446
138,Salmo,3hBQ4zniNdQf1cqqo6hzuW,KILOMETRI,2XRqWq9D4Eiz7poSMdPl59,0.731,0.617,92.694,0.404,0.166,0.0,0.123,0.681
139,Salmo,3hBQ4zniNdQf1cqqo6hzuW,MALEDETTI,4Niczbt1B1FtLb8wibdbR5,0.664,0.794,85.151,0.382,0.107,0.0,0.0799,0.543
140,Salmo,3hBQ4zniNdQf1cqqo6hzuW,GRINDHOUSE,0f8xn9s0xB87a3tph1xBpV,0.695,0.701,148.137,0.178,0.0142,7.96e-05,0.336,0.443
141,Salmo,3hBQ4zniNdQf1cqqo6hzuW,MATRIOSKA,1giUJwcL7smXRlwwdwu4Ya,0.778,0.638,128.034,0.131,0.0632,0.0,0.0485,0.54
142,Salmo,3hBQ4zniNdQf1cqqo6hzuW,NIGHTCRAWLERS,0aMyRYXZvXRcpZkFhCsOTs,0.881,0.796,109.977,0.158,0.0103,0.000753,0.115,0.252
143,Salmo,3hBQ4zniNdQf1cqqo6hzuW,LA FINE,63tPSdiPfIfFeE3xSPMYP7,0.571,0.571,138.878,0.117,0.373,0.0,0.317,0.72
144,Taylor Swift,06HL4z0CvFAxyc27GXpf02,Style,4lIxdJw6W3Fg4vUIYCB0S5,0.598,0.786,95.019,0.0383,0.00253,0.0016,0.117,0.456
145,Taylor Swift,06HL4z0CvFAxyc27GXpf02,Blank Space,1p80LdxRV74UKvL8gnD7ky,0.753,0.678,96.006,0.0644,0.085,1.64e-06,0.13,0.583
146,Lim Young Woong,75MOYjGEyyH5U4ZFHOPvxR,Do or Die,21ewxM3YvcdTj7cC0XwznO,0.6,0.819,124.908,0.0451,0.0287,0.0,0.308,0.645
147,Lim Young Woong,75MOYjGEyyH5U4ZFHOPvxR,Grain of Sand,4WUpMUjdoi47LY7gBQBXe3,0.515,0.346,130.043,0.0342,0.776,2.65e-05,0.119,0.107
148,Lim Young Woong,75MOYjGEyyH5U4ZFHOPvxR,London Boy,6auT8cRBu3BgPRBrdVBY15,0.52,0.875,133.096,0.0346,0.395,0.0,0.515,0.657
149,Lim Young Woong,75MOYjGEyyH5U4ZFHOPvxR,Polaroid,2tA3NP12r4niSRhb9Y6AoY,0.703,0.768,102.966,0.0289,0.532,0.0,0.117,0.534
150,Lim Young Woong,75MOYjGEyyH5U4ZFHOPvxR,If We Ever Meet Again,2RLdkXSaiQjRbey5pvP8Kt,0.401,0.394,129.74,0.0324,0.748,0.0,0.0993,0.327
151,Lim Young Woong,75MOYjGEyyH5U4ZFHOPvxR,Rainbow,50xSycnGMDy0Wg5jJcOv3S,0.641,0.889,96.033,0.0541,0.0394,0.0,0.181,0.616
152,Lim Young Woong,75MOYjGEyyH5U4ZFHOPvxR,"Our Blues, Our Life",2jidjmWNeRmKgLjXhW52Gz,0.381,0.405,130.94,0.0325,0.629,0.0,0.418,0.273
153,Lim Young Woong,75MOYjGEyyH5U4ZFHOPvxR,A bientot,4Cr43xPo7bwyCcL1g3yVCu,0.606,0.729,73.967,0.0804,0.268,0.0,0.271,0.527
154,Lim Young Woong,75MOYjGEyyH5U4ZFHOPvxR,I Love You,2lsRp40mCRkhqULWdMbOzn,0.635,0.442,110.862,0.0362,0.706,0.0,0.0929,0.609
155,Lim Young Woong,75MOYjGEyyH5U4ZFHOPvxR,A Psalm of Life,1E14FuM0BRaHAJSJ9YxMVu,0.279,0.515,139.694,0.0305,0.75,0.000114,0.188,0.173
156,Lim Young Woong,75MOYjGEyyH5U4ZFHOPvxR,Love Always Run Away,4rMEoXVYww6Xy7q9wSj4gy,0.404,0.443,131.298,0.0333,0.651,0.0,0.12,0.36
157,Lim Young Woong,75MOYjGEyyH5U4ZFHOPvxR,Lovely Touch,7x3SGAkfIrzDr9paSslwMv,0.372,0.551,105.104,0.0324,0.536,0.0,0.226,0.444
158,Lim Young Woong,75MOYjGEyyH5U4ZFHOPvxR,Father,365znJ27Fb3faGsctmQYWR,0.314,0.363,139.695,0.0289,0.765,0.0,0.189,0.243
159,KAROL G,790FomKkXshlbRYZFtlgla,GATITA GANGSTER,5bD6mFl116xCxVMLy7IK9F,0.826,0.552,96.981,0.144,0.167,6.23e-06,0.101,0.532
160,Taylor Swift,06HL4z0CvFAxyc27GXpf02,New Romantics (Taylor's Version),2vPMoMDXxu9uX1igWZmXSG,0.651,0.855,121.98,0.0538,0.0068,9.81e-06,0.0759,0.698
161,Taylor Swift,06HL4z0CvFAxyc27GXpf02,All You Had To Do Was Stay (Taylor's Version),6GXgd1BPD9bUpqw5AntGV5,0.586,0.72,97.057,0.035,0.000718,0.0,0.0949,0.481
162,Taylor Swift,06HL4z0CvFAxyc27GXpf02,Clean (Taylor's Version),2ByBBvpR9b7IynvRmnG7kG,0.771,0.386,103.96,0.0297,0.276,2.01e-05,0.121,0.239
163,Taylor Swift,06HL4z0CvFAxyc27GXpf02,I Wish You Would (Taylor's Version),43y1WpBdnEy5TR9aZoSQL9,0.669,0.851,118.026,0.0432,0.00357,1.04e-05,0.0676,0.541
164,Taylor Swift,06HL4z0CvFAxyc27GXpf02,Lover (Remix) [feat. Shawn Mendes],3i9UVldZOE0aD0JnyfAZZ0,0.448,0.603,205.272,0.064,0.433,0.0,0.0862,0.422
165,Lim Young Woong,75MOYjGEyyH5U4ZFHOPvxR,HERO,43u5DDtK4vQ1coWXb4S5a8,0.482,0.83,127.974,0.0544,0.08,0.0,0.256,0.4
166,KAROL G,790FomKkXshlbRYZFtlgla,MIENTRAS ME CURO DEL CORA,6otePxalBK8AVa20xhZYVQ,0.523,0.477,79.921,0.392,0.855,0.0,0.146,0.57
